{
    "name": "root",
    "metadata": {
        "timer_format_version": "0.1.0",
        "start_time_seconds": "1633390495",
        "python_version": "3.9.1 (tags/v3.9.1:1e5d33e, Dec  7 2020, 17:08:21) [MSC v.1927 64 bit (AMD64)]",
        "command_line_arguments": "C:\\Users\\jaluh\\Documents\\Projects\\Unity Projects\\ml-agents\\trainingEnv\\Scripts\\mlagents-learn Pickup36-2.yaml --run-id=36_3",
        "mlagents_version": "0.27.0",
        "mlagents_envs_version": "0.27.0",
        "communication_protocol_version": "1.5.0",
        "pytorch_version": "1.7.1+cu110",
        "numpy_version": "1.21.2",
        "end_time_seconds": "1633390504"
    },
    "total": 9.595493600000001,
    "count": 1,
    "self": 0.004670300000000793,
    "children": {
        "run_training.setup": {
            "total": 0.06895070000000003,
            "count": 1,
            "self": 0.06895070000000003
        },
        "TrainerController.start_learning": {
            "total": 9.5218726,
            "count": 1,
            "self": 0.00012079999999770052,
            "children": {
                "TrainerController._reset_env": {
                    "total": 8.8767347,
                    "count": 1,
                    "self": 8.8767347
                },
                "TrainerController.advance": {
                    "total": 0.6315827000000009,
                    "count": 1,
                    "self": 5.5000000021010464e-06,
                    "children": {
                        "env_step": {
                            "total": 0.6315771999999988,
                            "count": 1,
                            "self": 0.00014749999999885688,
                            "children": {
                                "SubprocessEnvManager._take_step": {
                                    "total": 0.6314297,
                                    "count": 1,
                                    "self": 1.6600000000366322e-05,
                                    "children": {
                                        "TorchPolicy.evaluate": {
                                            "total": 0.6314130999999996,
                                            "count": 1,
                                            "self": 0.00036360000000001946,
                                            "children": {
                                                "TorchPolicy.sample_actions": {
                                                    "total": 0.6310494999999996,
                                                    "count": 1,
                                                    "self": 0.6310494999999996
                                                }
                                            }
                                        }
                                    }
                                }
                            }
                        }
                    }
                },
                "TrainerController._save_models": {
                    "total": 0.01343440000000129,
                    "count": 1,
                    "self": 1.2900000001536682e-05,
                    "children": {
                        "RLTrainer._checkpoint": {
                            "total": 0.013421499999999753,
                            "count": 1,
                            "self": 0.013421499999999753
                        }
                    }
                }
            }
        }
    }
}