{
    "name": "root",
    "metadata": {
        "timer_format_version": "0.1.0",
        "start_time_seconds": "1633390089",
        "python_version": "3.9.1 (tags/v3.9.1:1e5d33e, Dec  7 2020, 17:08:21) [MSC v.1927 64 bit (AMD64)]",
        "command_line_arguments": "C:\\Users\\jaluh\\Documents\\Projects\\Unity Projects\\ml-agents\\trainingEnv\\Scripts\\mlagents-learn Pickup36.yaml --run-id=36_1",
        "mlagents_version": "0.27.0",
        "mlagents_envs_version": "0.27.0",
        "communication_protocol_version": "1.5.0",
        "pytorch_version": "1.7.1+cu110",
        "numpy_version": "1.21.2",
        "end_time_seconds": "1633390098"
    },
    "total": 8.773967200000001,
    "count": 1,
    "self": 0.006365200000001181,
    "children": {
        "run_training.setup": {
            "total": 0.09916149999999924,
            "count": 1,
            "self": 0.09916149999999924
        },
        "TrainerController.start_learning": {
            "total": 8.6684405,
            "count": 1,
            "self": 0.0001125000000001819,
            "children": {
                "TrainerController._reset_env": {
                    "total": 7.6129102,
                    "count": 1,
                    "self": 7.6129102
                },
                "TrainerController.advance": {
                    "total": 1.0234652000000004,
                    "count": 1,
                    "self": 5.200000000371574e-06,
                    "children": {
                        "env_step": {
                            "total": 1.02346,
                            "count": 1,
                            "self": 0.000146900000000727,
                            "children": {
                                "SubprocessEnvManager._take_step": {
                                    "total": 1.0233130999999993,
                                    "count": 1,
                                    "self": 1.71000000008803e-05,
                                    "children": {
                                        "TorchPolicy.evaluate": {
                                            "total": 1.0232959999999984,
                                            "count": 1,
                                            "self": 0.001984900000000067,
                                            "children": {
                                                "TorchPolicy.sample_actions": {
                                                    "total": 1.0213110999999984,
                                                    "count": 1,
                                                    "self": 1.0213110999999984
                                                }
                                            }
                                        }
                                    }
                                }
                            }
                        }
                    }
                },
                "TrainerController._save_models": {
                    "total": 0.03195260000000033,
                    "count": 1,
                    "self": 2.0200000001580065e-05,
                    "children": {
                        "RLTrainer._checkpoint": {
                            "total": 0.03193239999999875,
                            "count": 1,
                            "self": 0.03193239999999875
                        }
                    }
                }
            }
        }
    }
}