{
    "name": "root",
    "metadata": {
        "timer_format_version": "0.1.0",
        "start_time_seconds": "1633390539",
        "python_version": "3.9.1 (tags/v3.9.1:1e5d33e, Dec  7 2020, 17:08:21) [MSC v.1927 64 bit (AMD64)]",
        "command_line_arguments": "C:\\Users\\jaluh\\Documents\\Projects\\Unity Projects\\ml-agents\\trainingEnv\\Scripts\\mlagents-learn Pickup36-2.yaml --run-id=36_4",
        "mlagents_version": "0.27.0",
        "mlagents_envs_version": "0.27.0",
        "communication_protocol_version": "1.5.0",
        "pytorch_version": "1.7.1+cu110",
        "numpy_version": "1.21.2",
        "end_time_seconds": "1633390547"
    },
    "total": 8.6123601,
    "count": 1,
    "self": 0.004828200000000393,
    "children": {
        "run_training.setup": {
            "total": 0.0679263,
            "count": 1,
            "self": 0.0679263
        },
        "TrainerController.start_learning": {
            "total": 8.5396056,
            "count": 1,
            "self": 0.00011160000000032255,
            "children": {
                "TrainerController._reset_env": {
                    "total": 7.9161703999999995,
                    "count": 1,
                    "self": 7.9161703999999995
                },
                "TrainerController.advance": {
                    "total": 0.6108550000000008,
                    "count": 1,
                    "self": 4.9000000004184585e-06,
                    "children": {
                        "env_step": {
                            "total": 0.6108501000000004,
                            "count": 1,
                            "self": 7.110000000132288e-05,
                            "children": {
                                "SubprocessEnvManager._take_step": {
                                    "total": 0.6107789999999991,
                                    "count": 1,
                                    "self": 1.2099999999293232e-05,
                                    "children": {
                                        "TorchPolicy.evaluate": {
                                            "total": 0.6107668999999998,
                                            "count": 1,
                                            "self": 0.0002259999999996154,
                                            "children": {
                                                "TorchPolicy.sample_actions": {
                                                    "total": 0.6105409000000002,
                                                    "count": 1,
                                                    "self": 0.6105409000000002
                                                }
                                            }
                                        }
                                    }
                                }
                            }
                        }
                    }
                },
                "TrainerController._save_models": {
                    "total": 0.012468600000000052,
                    "count": 1,
                    "self": 1.6799999999150828e-05,
                    "children": {
                        "RLTrainer._checkpoint": {
                            "total": 0.012451800000000901,
                            "count": 1,
                            "self": 0.012451800000000901
                        }
                    }
                }
            }
        }
    }
}