{
    "name": "root",
    "metadata": {
        "timer_format_version": "0.1.0",
        "start_time_seconds": "1633391494",
        "python_version": "3.9.1 (tags/v3.9.1:1e5d33e, Dec  7 2020, 17:08:21) [MSC v.1927 64 bit (AMD64)]",
        "command_line_arguments": "C:\\Users\\jaluh\\Documents\\Projects\\Unity Projects\\ml-agents\\trainingEnv\\Scripts\\mlagents-learn Pickup36-2.yaml --run-id=36_14",
        "mlagents_version": "0.27.0",
        "mlagents_envs_version": "0.27.0",
        "communication_protocol_version": "1.5.0",
        "pytorch_version": "1.7.1+cu110",
        "numpy_version": "1.21.2",
        "end_time_seconds": "1633391554"
    },
    "total": 59.6746673,
    "count": 1,
    "self": 0.003341100000007202,
    "children": {
        "run_training.setup": {
            "total": 0.06856300000000004,
            "count": 1,
            "self": 0.06856300000000004
        },
        "TrainerController.start_learning": {
            "total": 59.6027632,
            "count": 1,
            "self": 0.11430459999986908,
            "children": {
                "TrainerController._reset_env": {
                    "total": 7.221154599999999,
                    "count": 1,
                    "self": 7.221154599999999
                },
                "TrainerController.advance": {
                    "total": 52.22093790000014,
                    "count": 7845,
                    "self": 0.09965040000005132,
                    "children": {
                        "env_step": {
                            "total": 32.65573069999998,
                            "count": 7845,
                            "self": 28.619868699999827,
                            "children": {
                                "SubprocessEnvManager._take_step": {
                                    "total": 3.974001799999904,
                                    "count": 7845,
                                    "self": 0.1502882999999713,
                                    "children": {
                                        "TorchPolicy.evaluate": {
                                            "total": 3.8237134999999327,
                                            "count": 2917,
                                            "self": 1.381158799999982,
                                            "children": {
                                                "TorchPolicy.sample_actions": {
                                                    "total": 2.442554699999951,
                                                    "count": 2917,
                                                    "self": 2.442554699999951
                                                }
                                            }
                                        }
                                    }
                                },
                                "workers": {
                                    "total": 0.06186020000024861,
                                    "count": 7844,
                                    "self": 0.0,
                                    "children": {
                                        "worker_root": {
                                            "total": 53.04848050000002,
                                            "count": 7844,
                                            "is_parallel": true,
                                            "self": 29.075069399999922,
                                            "children": {
                                                "steps_from_proto": {
                                                    "total": 0.0002706000000003428,
                                                    "count": 1,
                                                    "is_parallel": true,
                                                    "self": 0.00010889999999985633,
                                                    "children": {
                                                        "_process_rank_one_or_two_observation": {
                                                            "total": 0.00016170000000048645,
                                                            "count": 2,
                                                            "is_parallel": true,
                                                            "self": 0.00016170000000048645
                                                        }
                                                    }
                                                },
                                                "UnityEnvironment.step": {
                                                    "total": 23.973140500000095,
                                                    "count": 7844,
                                                    "is_parallel": true,
                                                    "self": 0.5173953000000608,
                                                    "children": {
                                                        "UnityEnvironment._generate_step_input": {
                                                            "total": 0.5194808000000055,
                                                            "count": 7844,
                                                            "is_parallel": true,
                                                            "self": 0.5194808000000055
                                                        },
                                                        "communicator.exchange": {
                                                            "total": 21.76135250000012,
                                                            "count": 7844,
                                                            "is_parallel": true,
                                                            "self": 21.76135250000012
                                                        },
                                                        "steps_from_proto": {
                                                            "total": 1.17491189999991,
                                                            "count": 7844,
                                                            "is_parallel": true,
                                                            "self": 0.5857223999998471,
                                                            "children": {
                                                                "_process_rank_one_or_two_observation": {
                                                                    "total": 0.5891895000000629,
                                                                    "count": 15688,
                                                                    "is_parallel": true,
                                                                    "self": 0.5891895000000629
                                                                }
                                                            }
                                                        }
                                                    }
                                                }
                                            }
                                        }
                                    }
                                }
                            }
                        },
                        "trainer_advance": {
                            "total": 19.46555680000011,
                            "count": 7844,
                            "self": 0.10812759999967625,
                            "children": {
                                "process_trajectory": {
                                    "total": 9.236196500000437,
                                    "count": 7844,
                                    "self": 9.236196500000437
                                },